"V1","V2","V3","V4","V5","V6","V7","V8","V9","V10","V11"
0.0296658945158731,0.0442927463137432,0.0836116673207695,0.120670124754576,0.154055993952265,0.197048215735966,0.236211075100966,0.275031585670687,0.339080552922053,0.37786921217277,NA
0.0471181614931398,0.0620252544667747,0.102016778995524,0.137318715151244,0.171366867174993,0.213432899473919,0.248993409013933,0.28739119347447,0.322621759888805,0.361435268612181,NA
0.0357981655172433,0.0488137706707707,0.0843384358531266,0.137185441862591,0.16873194474327,0.209764595624264,0.247434118735074,0.284265886752429,0.344650939342515,0.381077381091365,NA
0.0185204008041398,0.0313007958865801,0.0669872326998669,0.0996715754120558,0.131617598724649,0.182457032531832,0.203426927697519,0.245324999058291,0.285737781072403,0.3266833790213,NA
0.0320818424307601,0.0444809979519757,0.07895258826958,0.0901549555146575,0.1230408489517,0.166690561487272,0.205813060634684,0.245176014949278,0.297054251654296,0.334629842474324,NA
0.0211834143621992,0.0331545107881087,0.066961074465594,0.113104389962853,0.146957717098253,0.198004659782562,0.243325238261025,0.290044810415899,0.33420752121111,0.375177370534925,NA
0.0168576926252917,0.029329435947679,0.0646142769465018,0.0932922342541283,0.125631385467104,0.185912870890544,0.253686681083783,0.299562055911221,0.337975319739796,0.382381544254631,NA
0.0183261290888112,0.0301820065868811,0.06353269081956,0.0983297432873247,0.129647126033778,0.181111737407386,0.254448769535091,0.297759209323122,0.337287767196832,0.377524170819858,NA
0.044114217839142,0.0576586435982084,0.0956891700177498,0.13171880807034,0.169903866941637,0.213370622037944,0.246479108124663,0.285751007186024,0.356839585503928,0.396162650276814,NA
0.0211121741491844,0.0335016243544873,0.069318619472155,0.100701605229983,0.148808654053912,0.201727629678708,0.235246567879239,0.287985176325429,0.346681418793875,0.390983309994601,NA
0.0158311129987283,0.0277798003652847,0.0627185869375821,0.0873206382640178,0.128842859831122,0.208851037648991,0.242873298125492,0.26501248444503,0.305422280114677,0.369701516150746,NA
0.0151147085234611,0.0276380520188226,0.0641201230164568,0.0878395049952745,0.12368078796153,0.164690369327554,0.201810243133109,0.26696916954913,0.30440840549621,0.378181004122278,NA
0.0226994623548395,0.0358897995261032,0.0742605401803562,0.100873651605368,0.15012901800771,0.19563990247316,0.226928122569921,0.267021825646268,0.295054530978147,0.335815644849376,NA
0.0143365533442407,0.0269194470546722,0.0643132222415506,0.085987487489869,0.12486828888923,0.223725002938244,0.256976277824835,0.319120135834146,0.35620927976185,0.384536344674217,NA
0.0142259052371111,0.0263993254328275,0.0630848011215413,0.0837894636821455,0.135738158072892,0.227232504518019,0.25792062304801,0.312589919180413,0.351603680144085,0.415651087563297,NA
0.0171756508361245,0.0303119765875291,0.0699967078998857,0.0919018635698226,0.15447530843824,0.200967283475636,0.231224293358355,0.269553619377291,0.333562433562751,0.375111707902622,NA
0.015891192866416,0.0283288316621563,0.0658257572189508,0.0875306725678695,0.105830451596407,0.161666572692977,0.191795827129422,0.235702952345835,0.286750522588621,0.3321585656965,NA
0.0136111397553025,0.0265301090044046,0.067491738587734,0.0862859217894594,0.13627516458719,0.189277099671638,0.219552433256847,0.256134928289126,0.295146321039264,0.339136768308368,NA
0.0152780115037601,0.0300988183424172,0.077993198225128,0.0979405409641403,0.135974865019499,0.177111503288231,0.208776710214462,0.243887774446461,0.286217677219653,0.328024268479862,NA
0.0135823967962415,0.0264124891094778,0.0657366448753529,0.0855434181024087,0.128203671319114,0.166261798959713,0.197807133256455,0.24294647325014,0.279618319490033,0.342688545655901,NA
0.0129073580378523,0.0259357727142947,0.0675675931099062,0.0858544879847506,0.127148958060188,0.187591084040403,0.218717819999359,0.255290777313944,0.290974887603992,0.337409048613859,NA
0.0125986875067961,0.0268484291993176,0.0740015416457212,0.0921929712398947,0.126710464707289,0.177224969641661,0.212600567792064,0.248282818283354,0.282542682240924,0.331432415437452,NA
0.0131210669121156,0.0280198170698997,0.0827338535065691,0.10086978294258,0.134417488463347,0.173938777650005,0.207257698952512,0.240690173230705,0.275862176349691,0.31918500195263,NA
0.0125417154050453,0.0267752196888443,0.0762232586429931,0.0939197140338006,0.127864303936398,0.170662792830453,0.204952617579745,0.238572475603593,0.272613539145338,0.31756114311167,NA
0.0143979168348196,0.0307384091266372,0.0876651449348487,0.107088310848511,0.140269630401666,0.178613814945332,0.21139816465897,0.245989485475324,0.283101326237395,0.325808303708297,NA
0.012541719617892,0.030223349210189,0.0676514957347061,0.0856189451554611,0.115345880386102,0.150954585227189,0.187678282285561,0.221190766600681,0.253370234567614,0.300760440809906,NA
0.0116721088681574,0.0270208540562657,0.0827879221030876,0.0997536653978945,0.129167743977241,0.166537396154594,0.216003746843613,0.248673371020146,0.280473879858259,0.332295559155041,NA
0.0130574346667109,0.0316355435952138,0.0963073311960528,0.114925070796278,0.144708270582091,0.179985054772535,0.212966039451573,0.246998990590426,0.279222033171546,0.323024123017384,NA
0.0139451595303102,0.0344961563114822,0.0885227674061888,0.108642962834483,0.139841098670256,0.17676303732836,0.210192812657654,0.246631576985165,0.279938895244473,0.324132452299723,NA
0.0127465119278983,0.0331003877632168,0.0900946650227216,0.108705081057453,0.137778307878443,0.172322333715531,0.205097698648429,0.239470962291196,0.270249052195419,0.31481451161886,NA
0.0115231564457058,0.0297461548623415,0.0914720584098777,0.108383172958181,0.136046846400821,0.169355359757843,0.219904783048338,0.252619770787016,0.283690646409642,0.347088988774284,NA
0.010540456692499,0.0250455891970847,0.0792955575189034,0.0948417642036936,0.121225321349046,0.154402101609828,0.216141543322997,0.246545226477549,0.276409714619037,0.335077130433998,NA
0.0105326832290082,0.0258594188079277,0.083246930740229,0.0987463023538078,0.124684568609676,0.156529982825114,0.175504504181893,0.205751949509322,0.23542851094595,0.296530326915143,NA
0.0101847134473636,0.0246121765949457,0.0818038790266789,0.0968628835863857,0.12221363225237,0.153587843839863,0.219751598889999,0.249342334996683,0.278780913137287,0.344581183526457,NA
0.0104202240059406,0.0261753002599843,0.0967604407594384,0.112172098544623,0.137752269527845,0.168597841557369,0.224180688752391,0.254679000678201,0.285746885225657,0.364174302477321,NA
0.012450994945113,0.0350066634412173,0.0906213953850506,0.109039909676836,0.137604280238542,0.171612821406756,0.205291617563658,0.239972169789699,0.269994715485892,0.318208963519861,NA
0.0103509003790327,0.0253312990042037,0.112876197668398,0.128281641779479,0.154103126291992,0.185224916498557,0.224118771285207,0.254913554228052,0.287674149136886,0.325433636716488,NA
0.0115737522695671,0.031782257965789,0.0924641397344021,0.109523381607993,0.137054701450465,0.169547844418221,0.208278714971299,0.242148056327644,0.275406619309841,0.316235936904707,NA
0.0124025786494864,0.0398579249995618,0.0922280779853207,0.110623154120196,0.138877617371784,0.172373892650695,0.206197685438617,0.241731012003954,0.271689725009576,0.326003960496195,NA
0.0100398427455192,0.0251355942619778,0.0599269657570341,0.0748289874770321,0.0996503556341973,0.129098431557374,0.164248348534031,0.194233740637045,0.227768098690866,0.315805460778265,NA
0.0128002168453835,0.0410321786205188,0.0906856297018256,0.109936026537472,0.138676752249186,0.173035784717253,0.206128189147492,0.242443061002084,0.27147708703181,0.319398303101736,NA
0.0103127800499437,0.0251276956894704,0.0927569063513886,0.108158506261882,0.134117714087081,0.164655189495116,0.195479061436164,0.226801678511978,0.264020525454307,0.328481769505349,NA
0.0100319209108996,0.025074222072671,0.115198870791107,0.130090696203882,0.154964874427011,0.18412138402974,0.215172101539809,0.245449889372173,0.282720480819362,0.348861114516366,NA
0.0110973555413722,0.0285691234457427,0.0885055409354097,0.104816485116379,0.131853232001009,0.162932275464255,0.193258498045767,0.226976757232325,0.278327343607438,0.333367273329268,NA
0.0102699664493243,0.0250748331236791,0.0831735153946886,0.0984758845379035,0.124346651382277,0.154292311132079,0.182784606628998,0.214283519621305,0.257401293147634,0.309409372656235,NA
0.0127116081701112,0.0382651489883046,0.0938714307292717,0.112378606068031,0.141618781839238,0.175447415646076,0.208367244366935,0.246049677131935,0.281441611062074,0.339894201489683,NA
0.0105297375122955,0.0262943699368073,0.0834669833873253,0.099017078632623,0.125119068792184,0.155054447606572,0.183452885309367,0.215722814370544,0.275246487835374,0.325451107034037,NA
0.01092622833686,0.0261425837756896,0.0795202412885842,0.0958870575187664,0.123879205333247,0.155942653576046,0.184390038639577,0.218347902394934,0.261873209526765,0.308915442491192,NA
0.0112457193297895,0.0270519343580697,0.0799464192580242,0.0966102634297814,0.1251786996693,0.157390875418604,0.185334476844263,0.220510034013027,0.280448156119296,0.324889490144254,NA
0.0128859913276122,0.0708012372244466,0.118110315224373,0.137208304879748,0.165037136214424,0.198229107150168,0.230357347753318,0.267269151670754,0.294890175854299,0.34361295227352,NA
0.0116605657069066,0.0275154074619457,0.0805468389399343,0.0980662236288821,0.12836003010219,0.162593879434436,0.191463425711192,0.228162681855317,0.271474003232494,0.316263760429665,NA
0.0133168173629135,0.0262695011957993,0.0726966222992794,0.0922103489767999,0.119946359158221,0.153140650713508,0.185320071062431,0.223164601775086,0.24985098337558,0.298695181450986,NA
0.0124212624463393,0.0291652235350942,0.0840682189174349,0.102531501959069,0.134739526989734,0.170528171087093,0.19986017388812,0.239323425931894,0.286968737193207,0.33087988762379,NA
0.0140844305463687,0.0479297532333291,0.0999566269188027,0.119820855594039,0.149379724627823,0.183640051764646,0.215592010701348,0.256323249013075,0.285773106745677,0.333625791578956,NA
0.0140357497451042,0.0442783589854566,0.0872682116041433,0.109893198072231,0.138500838047091,0.175641208961642,0.21310449967897,0.253157922762047,0.278233793917672,0.331756760717767,NA
0.0144581529539391,0.0539876560265169,0.0988669617454096,0.11956465822005,0.147078108337066,0.180649178094255,0.214381265444961,0.254020085971373,0.278715575910859,0.333464071814189,NA
0.0147574394416376,0.0476684942237753,0.0901001913114961,0.115413418895938,0.144578925312276,0.185563673944595,0.228085809897991,0.270685502801159,0.29507120559222,0.358875204643354,NA
0.0157796342391036,0.0392607474142121,0.0930888420967744,0.113745116853718,0.143575974003142,0.17774958330754,0.209147180859579,0.253265567670103,0.27947464949131,0.323683977970683,NA
0.0157056840934263,0.0439798478263926,0.0847302638634093,0.108584569862832,0.135225145090802,0.171105761147043,0.215891281218194,0.25701913227448,0.279143886011102,0.363511609541977,NA
0.0152807538710269,0.0446915319189733,0.0900964718268879,0.111002734005773,0.13848835895201,0.171752064019707,0.205106611783298,0.245940352941086,0.269924439856066,0.324820300652232,NA
0.0156744778653729,0.0413541744412783,0.0899001949614171,0.110626894908704,0.138980101572882,0.172372572653132,0.204459870358455,0.24676576610812,0.271447740528577,0.319462467551006,NA
0.0170761706867263,0.0439161495049805,0.0860126321659188,0.11022289459031,0.137274138895455,0.172867864515948,0.21612236852584,0.258860934375277,0.281075752577145,0.314555477074805,NA
0.015778379789017,0.0373728605453333,0.104536203195688,0.125395571862551,0.158080334570177,0.194312701985543,0.225649651603129,0.272791556711796,0.302397297397661,0.344734518090413,NA
0.0150197908930594,0.047465308061977,0.087356695976136,0.113073082238613,0.140253630554637,0.180172885489448,0.228986129338023,0.270825157101042,0.293060225709124,0.359416765100714,NA
0.0207033989758598,0.0449963775794333,0.0904613227293003,0.115985899579926,0.14456477203704,0.180918820333972,0.22127891829828,0.268605692436811,0.291331934721464,0.357073364032611,NA
0.0165803223298028,0.0355319383803884,0.0857730451998869,0.107267930728496,0.14443966533622,0.184005755924928,0.215316672402207,0.269270885196596,0.301058810704944,0.340750688664404,NA
0.0266162974962339,0.0474399315125637,0.101428645630311,0.127550744993254,0.159829368408002,0.197629481151786,0.233784064034543,0.291153101646889,0.315197960302407,0.36084361915717,NA
0.0165085591970671,0.0542174685413979,0.0943009583237722,0.124439597631869,0.151977185741255,0.197088078844566,0.266362051544496,0.311706916955668,0.333494024139545,0.405442087228206,NA
0.0184584513362693,0.0368733331778073,0.110489813472041,0.133097034590119,0.169709612026781,0.208404610884086,0.240712992283285,0.298931126601153,0.326639531209956,0.365606732035941,NA
0.0183659323974496,0.0387645189217617,0.100513458480869,0.122865092919229,0.155668092054466,0.192180362639524,0.224668603714855,0.27592543574912,0.302277076693962,0.344320057201855,NA
0.0281295458440228,0.051850481904832,0.0952196049924763,0.127332273254572,0.155679879433238,0.194751507020553,0.241392160250223,0.294004713415849,0.315324485038337,0.368133633496463,NA
0.0249619285415189,0.0550493532027622,0.0971288532814282,0.153952563389833,0.182762238724894,0.233773928179814,0.292322841200599,0.35109240931019,0.372355094667738,0.424372394317123,NA
0.0438499361953391,0.065607418258599,0.108778873313008,0.143979212545466,0.172440310456809,0.211505863088793,0.252556048475027,0.311068046104538,0.331625435155584,0.377624147034756,NA
0.0179340598885301,0.0350089936887709,0.112329725488483,0.134291844207441,0.175812421615009,0.218133816518375,0.249637107126147,0.316458383878961,0.34762908335525,0.384297928315374,NA
0.0177413744169112,0.0348672184783401,0.110082375042161,0.131741858911855,0.174187552400888,0.218487337152555,0.249081852389788,0.310999789763959,0.345222578781254,0.382655145394268,NA
0.017342291927073,0.0310699972559962,0.0753231051838481,0.112871688125866,0.144450093660113,0.219088188342197,0.268419032825778,0.323106711250783,0.347176807960195,0.424607663819328,NA
0.0195407899989114,0.0738779261393781,0.119064230738757,0.171680377586281,0.203934560954011,0.234802860704632,0.284067498803992,0.35262119761013,0.376251377298523,0.432339011723226,NA
0.00517001368703235,0.0257458848058415,0.0739435596658627,0.109334794478788,0.141172246446123,0.182030759583118,0.22144816928556,0.301369166318632,0.323131608607998,0.369880445677434,NA
0.0561113614133293,0.0780914257253388,0.121711889981418,0.163688247453818,0.19296260338723,0.234363994156221,0.275395898857686,0.340745122186752,0.361368882437115,0.406982640882859,NA
0.0258449483181401,0.0560801286235445,0.100155478453929,0.115895781141747,0.146698836393233,0.208225985280689,0.255747910963652,0.33749938723833,0.359402958397157,0.408774536071752,NA
0.0203595426941395,0.0380492829093362,0.122205098917794,0.146623221348431,0.185744494784043,0.22579181908661,0.259895730973163,0.326083648695268,0.352690383583037,0.391731583644161,NA
0.0277743862733504,0.0466025824318216,0.11067773522547,0.137807476947623,0.174417318590792,0.214309279301604,0.250472260478072,0.321832723794377,0.34661390882514,0.389714155047433,NA
0.0236662818879088,0.0524812765535111,0.100878902912175,0.16266840034173,0.197184457883368,0.259211687167697,0.307429450812148,0.350219188696962,0.373851257883552,0.423662522113933,NA
0.0425860774764584,0.0621469199467179,0.118596312118172,0.152309378284015,0.189531522140537,0.232670702046345,0.273432519032754,0.319549573843126,0.343207398640479,0.396898790336357,NA
0.0216612565976226,0.0396574611942929,0.113210603221364,0.144537901157454,0.192037025094552,0.237485019947944,0.278741094288455,0.354379013113501,0.380804303793135,0.42852068370327,NA
0.0193903490374461,0.0366120566083089,0.0858389915767607,0.111201184086903,0.156285060950789,0.19935315297156,0.235346285872507,0.311367612902543,0.339478718932137,0.37796954570247,NA
0.0301571477052497,0.0522501612982015,0.104876792232649,0.148274407351947,0.185226122664797,0.234762101482508,0.282836931080588,0.367575364452528,0.39116536380922,0.451676239656103,NA
0.0227157887988607,0.0423554071753831,0.104022691558673,0.147271153116269,0.191081891331467,0.241855907081902,0.2939188146285,0.367736915333213,0.392735692818391,0.417968142100605,NA
0.020079942182752,0.0438394246753671,0.100657368487887,0.144614687383979,0.185566773199314,0.243478024837275,0.309515061568747,0.382746650689638,0.408482882696649,0.461582309506936,NA
0.0193049155326533,0.0356298389650957,0.109623993900727,0.133036823000692,0.18471875353526,0.231988257889046,0.267345548840372,0.33007256160632,0.362715937824459,0.397738186551578,NA
0.0206814967327606,0.036054924173854,0.106932034593118,0.128058214453504,0.175122175274711,0.222591740631957,0.252996029324961,0.339267733218468,0.373127304976438,0.407126168506301,NA
0.0251592991453712,0.0395931214813183,0.124909398274398,0.145213291003833,0.194189994961998,0.249438816829961,0.277644964540008,0.37041598342129,0.406919562165221,0.440575336081718,NA
0.0168287870303569,0.0340655059710115,0.107864109823408,0.140475404170903,0.217004792622048,0.267778591509193,0.314500774789434,0.382970167249415,0.411423413085499,0.45116552708358,NA
0.0163676067965987,0.0377744224808216,0.10396941264052,0.156499947183362,0.203006540144038,0.276305096331691,0.308532183503119,0.366921566008409,0.393844108936628,0.441075383573164,NA
0.0165949113564034,0.0345896822448506,0.114309330699542,0.16986278135176,0.228960175776081,0.284242571823453,0.337621507508705,0.398484517755977,0.425079163975476,0.474612399008137,NA
0.0151440504559474,0.0338905943123924,0.120814344150567,0.136376982071223,0.189471693161304,0.260754006774386,0.326378074250213,0.381740826656802,0.408316292541986,0.4529451675259,NA
0.0348012375593475,0.0489690254124935,0.131748906180084,0.152017585785906,0.205774855432715,0.263615348170409,0.292417669500674,0.346493913874099,0.385584492950575,0.419048447407831,NA
0.0341596867207245,0.048037838413969,0.092165534925748,0.11238876907358,0.165380387860876,0.248075478785662,0.275103954021766,0.361916136224527,0.402353125842105,0.437169688487068,NA
0.0182607764414341,0.034558773957896,0.0953774700588427,0.118553655536272,0.182495671038784,0.236979287409993,0.278338664455211,0.336571479651018,0.373678448614764,0.406042526578309,NA
0.0150643594760176,0.0323056450343946,0.109935315858127,0.142348052471755,0.182685261395385,0.239320737674895,0.296017150190078,0.36056922260469,0.390364866829139,0.425710000241099,NA
0.0242261527674343,0.0395647420140021,0.105338302411468,0.127106253588552,0.183209965744431,0.234107907985005,0.267672819122903,0.370987528850483,0.408317997731542,0.441737992981263,NA
0.0139606390377828,0.0374221084677584,0.110076564833796,0.148534198698791,0.201649189079344,0.285362513300779,0.349161161329263,0.401199266205505,0.431989815128704,0.469338503130901,NA
0.0138043538523891,0.0342680921223361,0.114861370433695,0.167003172734798,0.219510927104992,0.256791951811032,0.326194397439684,0.377656834419603,0.405979684122979,0.443543572605809,NA
0.0375990452448918,0.0513935861928452,0.144719583343516,0.165558088608579,0.223038636339627,0.257577655216141,0.284127381609676,0.354386547722659,0.399637314286616,0.437429776665655,NA
0.0139280748133233,0.0322699966316842,0.0854614587380048,0.138059457383423,0.204408135397229,0.270443966066223,0.332835278128943,0.387268814740875,0.415830031713073,0.452304347315046,NA
0.0132072127260413,0.0317436687485311,0.11245455894551,0.141766287165303,0.220405615552305,0.296207840650709,0.327905751044097,0.385218259212172,0.418271836781786,0.449509677048573,NA
0.00493399142362957,0.0189008831875253,0.0887035312464148,0.109507456546682,0.178128423426715,0.24449151834504,0.272958482389014,0.350377159415594,0.402020072604178,0.439096697925046,NA
0.0307530076038298,0.0460367157819369,0.105620706954718,0.127360914270127,0.197454603979711,0.251400366133718,0.28585627099019,0.3679439017231,0.414828870240128,0.449502931371101,NA
0.0128784943700959,0.0331108642619589,0.141617663720838,0.181723106281409,0.243435675066234,0.32141745499517,0.382223289375214,0.43270769890021,0.463302877616791,0.496698924500964,NA
0.0148555256637526,0.0316541277631115,0.0952531789053781,0.120314453348214,0.194374438378341,0.258278334574916,0.311767453426434,0.388914146547871,0.422502035289702,0.453735107498461,NA
0.0335914727593005,0.0472770495072219,0.114614391903544,0.136410638664919,0.201661391886518,0.27916028919752,0.305284396165916,0.366772148692505,0.421265148015982,0.465616893097178,NA
0.0147768610521602,0.0316812908770987,0.0902928058386171,0.113553702610747,0.183648258251643,0.251550302538427,0.300837632839497,0.378651750314395,0.415294420441377,0.44551398596142,NA
0.0131446994580293,0.0396600612210292,0.119989694877299,0.152566712042301,0.217081895740466,0.285068777882537,0.340710175132859,0.391346757864933,0.426947601954691,0.461504844723878,NA
0.0123035530525551,0.0349444461713731,0.0904662232381742,0.121189937878574,0.194205658982898,0.260820232604471,0.319375028080743,0.369373596792217,0.404633303971399,0.435818219386393,NA
0.0236147688511268,0.0367650257018765,0.0919951267493375,0.114164179899282,0.193577606684914,0.248985862008077,0.274257810505439,0.328516549733108,0.413872219597286,0.471780517652611,NA
0.0274288656208098,0.0413941212305468,0.0941092928156183,0.115556469530837,0.166435902651325,0.220120406453475,0.249511790092744,0.308906115448779,0.404632088752378,0.445719113525811,NA
0.0249195841121135,0.0382969616080998,0.0905384462318792,0.11206272579076,0.225060629933819,0.278967908006806,0.305877531751828,0.361362689087341,0.394654676392715,0.441154550361772,NA
0.0209318557478106,0.034281853758921,0.0951975741685737,0.118709507870265,0.189107031497016,0.245656934496503,0.2703310232526,0.324836519940117,0.385273413478802,0.455759788452175,NA
0.015113987613913,0.0326799148562357,0.0855235104400191,0.107921042233239,0.177991801943573,0.234400593093107,0.284060123658894,0.352320907845693,0.397381530310046,0.428608449074807,NA
0.0199361207109662,0.0358485167039786,0.0879499361028973,0.110786925150734,0.202521686611995,0.256932443502581,0.294770670814069,0.358893120342143,0.418126975127256,0.456437990154761,NA
0.011811184752886,0.0347670869771854,0.113830859137121,0.139389121250779,0.227139375940194,0.294236843350205,0.351259195298086,0.402573480670857,0.443069141050552,0.472113160419294,NA
0.011903173919592,0.0321339106466871,0.0926085242555068,0.115812694248063,0.164572504809954,0.241134945156962,0.294798952424549,0.349652342582517,0.390491858345247,0.418586598315215,NA
0.0167033002604037,0.0300940056186551,0.0904405984919526,0.116301431219924,0.195869701517393,0.251166543155958,0.275356800106093,0.328410918766459,0.393875654725478,0.42261843171205,NA
0.0154429258074021,0.0299244030262545,0.0810477477237183,0.106839222690159,0.198882081520502,0.267803707104042,0.295396437937955,0.349427674189944,0.422814945813193,0.483282136471105,NA
0.0149284924576935,0.0285726432550071,0.113989268088417,0.142898661335905,0.223221414293309,0.27742513450349,0.301088288813202,0.356779027241931,0.413742148919593,0.482678192321564,NA
0.0110219257094631,0.0378365110085581,0.0970471994418348,0.120148132184131,0.193392105104743,0.258308887891209,0.308797684196411,0.361035678840925,0.415992950049231,0.443856258649991,NA
0.0130349307733863,0.0318067107250197,0.0820137024701088,0.104257982296204,0.173061124488885,0.2274867019453,0.291560926782901,0.356816386175964,0.404840323960136,0.43486930632606,NA
0.0138568250528811,0.0279798046627778,0.069504110971904,0.101619525757493,0.177271546226309,0.232344717113967,0.256140837206744,0.317425476779115,0.369184443114414,0.419893822683441,NA
0.0111062236555744,0.04268420701032,0.109905497086505,0.133774296933163,0.215328124323458,0.279287284851327,0.332378908245104,0.381648597080163,0.438196253340779,0.466501858305905,NA
0.0123007695607152,0.0260720107796289,0.0890263277527152,0.125891210546965,0.178099125421343,0.235502467266629,0.258443381589645,0.314694608242086,0.396989950296641,0.457083554872749,NA
0.0124480125648045,0.0326062306955535,0.081226069430116,0.104661737705278,0.172867217761872,0.225037885832199,0.248919927127993,0.328950667802004,0.385027096637694,0.416735061458624,NA
0.0129486944348997,0.0292712853257281,0.0767507304861538,0.102364101338061,0.155020143732158,0.221020132741932,0.254507751807068,0.312470203629715,0.371756229579393,0.418784055861242,NA
0.012042281198726,0.0305480751193832,0.0778155463333004,0.103910281923374,0.200687745841263,0.257050620668131,0.29736910533665,0.363906625267582,0.423048652605709,0.463059629295678,NA
0.011048116538549,0.0257941166855783,0.132395477593521,0.15634264560171,0.219160662244422,0.278956080669363,0.352103266272127,0.398801022373921,0.469336374679273,0.49861103228771,NA
0.0118884833226985,0.0258190727675851,0.104876151250584,0.146825417421532,0.230074786997683,0.287979965180809,0.310577422573624,0.385934498374465,0.437826853750877,0.483249489709805,NA
0.0113284630656282,0.0334636737142781,0.0847885936444582,0.107232395120442,0.176127750627178,0.232675141096122,0.285501874449789,0.346180397695877,0.398759130048404,0.42690011985533,NA
0.0113157859046675,0.03544454443489,0.0836649798314625,0.109281532637085,0.174020966135925,0.22535636486129,0.284750920879583,0.328836733866593,0.402038307819293,0.434214589946422,NA
0.0108107896340684,0.0254277107433551,0.0753897611961603,0.107026981695911,0.185246263617414,0.28838971663389,0.312592420736991,0.363526432906367,0.436572887725625,0.461517087970807,NA
0.0118833940437491,0.0258684028190942,0.0804020806397793,0.114364251362266,0.214663690317069,0.281027778721386,0.304473086106648,0.357060157880126,0.392107843212276,0.465079615752659,NA
0.0114219975711459,0.02601701751341,0.0737771699345328,0.102058001202689,0.186587849662758,0.217961694187997,0.243481739804423,0.294479897186355,0.36121603763715,0.457197522388104,NA
0.0109303104270006,0.0381155750276743,0.0905570411341117,0.11436510119482,0.176491637241317,0.236877878708834,0.285946071237056,0.347639251488227,0.415253928376087,0.443952053446632,NA
0.0105953340556751,0.0619223589559764,0.134474063849445,0.157563483176385,0.219300821053597,0.294294613034001,0.377856044497795,0.425117016527387,0.459283516574059,0.487196435905842,NA
0.0109342316147203,0.0276870660637914,0.0761833340654316,0.105935735028126,0.191037008764017,0.268804594222422,0.297334816219072,0.353062972207961,0.412271043295534,0.471750800268703,NA
0.0108193882421387,0.0250572256045676,0.0862067615043011,0.136937694543586,0.212687358319303,0.289335866779248,0.31154690349854,0.348592280194346,0.394191549513425,0.432738909980985,NA
0.0102745356098558,0.0253152936965287,0.0845297080983627,0.13210697021722,0.212824298321576,0.271447809021493,0.294400328164949,0.349238494267924,0.414930034271242,0.472415925146189,NA
0.0104085215988367,0.0549058574950999,0.105471609544432,0.133055264773865,0.188583452071638,0.241996227678911,0.282781707790925,0.34891504897005,0.410479067774381,0.440286327319494,NA
0.011237653720179,0.0910321491328132,0.137494946248761,0.161795369329676,0.219413545384813,0.278497874562537,0.356928079104877,0.404342652340521,0.468251922273922,0.498319192854965,NA
0.0102365732648944,0.0250079918493982,0.0848796524599639,0.104359946121182,0.204196144548275,0.267441842361329,0.289685512282511,0.358869197693542,0.409492577163852,0.450586659163108,NA
0.0109223685950327,0.0267138460313246,0.0859351964891559,0.136993983581995,0.219438487459257,0.25588243566002,0.279675471005627,0.365322102967696,0.410721216099661,0.448175560038179,NA
0.00969676413568384,0.0305386352492734,0.0911801948072246,0.137233911132273,0.200345150647656,0.252035889171125,0.279000868853333,0.342733869303269,0.399835082205655,0.441365864542755,NA
0.0104232971806438,0.0323375225326192,0.0818222478719624,0.114096628275668,0.182543320933689,0.235853293124759,0.26869835991497,0.335554176734505,0.400106259074156,0.439757776598911,NA
0.00953462808136408,0.0257584451324118,0.101994709346995,0.152262025615501,0.224675529457825,0.277611023878381,0.300561426181116,0.355866005681564,0.408760756364661,0.453658567151232,NA
0.0101950458788765,0.0491168125927081,0.0975900669690047,0.127319035518243,0.184614405113584,0.233589059808366,0.271837735646313,0.34937194880868,0.406285232281325,0.437483096638701,NA
0.0108023055135919,0.0453706575835386,0.101031565474613,0.126657977587984,0.18344640081059,0.254718185301176,0.302467180408829,0.359916704353861,0.440667690443584,0.470204799050899,NA
0.00953960377886805,0.0425236321205978,0.0933047978476834,0.13339223844042,0.189551356134676,0.236214239014028,0.266719426022955,0.347434236582172,0.421349760627314,0.454106413629584,NA
0.00900816949482094,0.0270942352884992,0.0596303803891427,0.120587870910648,0.184336232008908,0.231983587869551,0.255143822468849,0.313213503520148,0.361307790878606,0.397477814460298,NA
0.00876574219220798,0.0311371496053724,0.10058899768946,0.119236603376505,0.173883299199524,0.217876170628351,0.242308207366902,0.317170771637558,0.36668524680718,0.398576254264845,NA
0.00978099161780637,0.0253657968930665,0.0855270763752048,0.155018234221897,0.20147253956457,0.266361818281737,0.288789614056384,0.351504049845777,0.397326451325142,0.433904635729334,NA
0.00983108832739354,0.0210200201225387,0.0705785437054893,0.103257616978432,0.156101098339962,0.203834139736328,0.237860488468881,0.310056140479703,0.399922265329138,0.429896130545148,NA
0.00864155298109381,0.029041067935388,0.0947127763498993,0.163146581916726,0.217839217954422,0.261243468631984,0.284631507499599,0.346647267416319,0.391818764436501,0.422170276149846,NA
0.00992543640013666,0.0279061160360182,0.08768864091019,0.133945894546763,0.210082003393353,0.266486500114577,0.290810502864131,0.349419167480138,0.394170289649784,0.428143313809306,NA
0.00883577481766554,0.0414749610079648,0.0931008523986611,0.147114328110856,0.198020553559242,0.24096435617643,0.267741656677513,0.306881442600422,0.363970955499084,0.393731005799813,NA
0.00880570635058374,0.0355406301498381,0.0870307834037885,0.135116167508624,0.184828281843195,0.227136512279334,0.252779771161746,0.326348498294191,0.375294743772717,0.404085490675322,NA
0.00896963124486701,0.0515097360794471,0.100149330094925,0.140080587099958,0.189294731588214,0.232264423257737,0.260373916119313,0.351864591014406,0.410867896824405,0.439493064941778,NA
0.00896060191363502,0.0407445500011645,0.0900048656914034,0.13054738588103,0.179370466860459,0.221984918855757,0.249084915893334,0.322734331171406,0.374918520334701,0.403431118996832,NA
0.00873677579115458,0.0275126355643788,0.0853493828552377,0.131773259513138,0.188176879119942,0.232588825564206,0.255535078416303,0.310742786090566,0.353254340558602,0.383087789259716,NA
0.0090216466819973,0.0290986403294275,0.0840474898173918,0.127797458623907,0.182537632240703,0.22729142494941,0.251379854707603,0.307788628103813,0.351328963135975,0.381281920753421,NA
0.00675967581083718,0.0206259015945959,0.0586393365588862,0.0991160156714499,0.133577640353884,0.175373639439315,0.209509358619214,0.247408331087271,0.320526618218302,0.358671707437446,NA
0.0276577650984594,0.0402936113537619,0.0750697934525395,0.138784881944506,0.17019979985765,0.212878797368342,0.256343733062931,0.294232966721097,0.34410942324782,0.381049365890805,NA
0.0164337204294517,0.0284041340739783,0.0627573976517543,0.090288075349874,0.124727190808567,0.203430761977223,0.245958995973485,0.308833698306901,0.347547505691911,0.398309810735618,NA
0.0133851379889043,0.0473390246268136,0.0941649948746466,0.114645528124146,0.143677610821267,0.178968672570118,0.212832448089697,0.251031486170433,0.2787868442215,0.327289728051301,NA
0.0116540559578365,0.028804510725464,0.0842217371178181,0.101296937718381,0.130172958965518,0.162750099491063,0.191749541390149,0.227894154362254,0.249488262315092,0.29635494628188,NA
0.0137890785013261,0.0453964246620322,0.089459188970066,0.11113015171842,0.139782429763275,0.175874258915822,0.211498808733451,0.25077979062257,0.276637743872948,0.327690270152075,NA
0.0146737951816434,0.0443018804865333,0.0848608087649596,0.108364732939789,0.135327120563246,0.171997557041781,0.214478048950732,0.254755886478796,0.277451479873671,0.339281685018076,NA
0.0192027936337358,0.0514695260015225,0.0923012863456559,0.126262191605409,0.153959546980075,0.19884153852245,0.222171956460101,0.270571645435108,0.29205255315616,0.354066609218238,NA
0.0161554779966293,0.0748943692283664,0.117870358354534,0.14910360962898,0.179414989924617,0.23179311174445,0.280930863067904,0.329148700377154,0.353089346991387,0.388769523975197,NA
0.020157983264364,0.0357566092989356,0.108221692513233,0.129320123432859,0.175270914496997,0.224098478918379,0.253473549353417,0.32553805503627,0.360607835336681,0.395756715042664,NA
0.0118538753073541,0.045848791825934,0.125724923632459,0.152233265572925,0.198548374052587,0.260147767783402,0.314408848152127,0.363614334938586,0.41131968640082,0.441848925950419,NA
0.0128753418757846,0.0312370522928181,0.0948823318974127,0.11926408612799,0.206467308023265,0.245077287281578,0.310006155731112,0.369334533136945,0.405738021782889,0.434924385181424,NA
0.0117246747357687,0.0320629969543539,0.0855888487029354,0.107758602748485,0.193529597501941,0.254718542452573,0.305648483519203,0.362956484037153,0.408295532692644,0.436175336259816,NA
0.01158104295463,0.0259835501367696,0.0933985665666294,0.134403373998216,0.205338496396772,0.271221562365269,0.294154050187914,0.402221811909364,0.448063742170615,0.487893494621766,NA
0.0106961027662771,0.0671447157991685,0.154893086690627,0.178298422240637,0.235258292322788,0.303451004455168,0.334174930846802,0.381387719987444,0.472243030942485,0.500769562431581,NA
0.0107477986481911,0.0461795509716346,0.107690096851832,0.131561976093892,0.19085315048728,0.230412640838394,0.290287094362712,0.3418557223185,0.420915905692132,0.44945204418961,NA
0.00922302677915358,0.0259340310912102,0.10079005506357,0.154577148033718,0.237542517859378,0.288973010231255,0.311507914982408,0.367940263944106,0.413466577860154,0.448502120567078,NA
